OBJECTID;Nummer;Standort;Kategorie;X;Y;Lon;Lat
1;230;Löfflerweg;90 min.;80108,174800000197000;238011,715600001010000;11,391762941000099;47,276082498000100
2;331;Sonnenstraße 5;180 min.;79176,580900000394000;236919,499700001000000;11,379259675000100;47,266372734000100
3;332;Sonnenstraße gegenüber 28 c;180 min.;78898,118700000501000;236902,050000001010000;11,375577624000099;47,266249238000100
4;258;Hörmannstraße 8 / Ecke Knollerstraße;180 min.;81233,048999999693000;236574,725799999990000;11,406366548999999;47,263021583000103
5;260;Hörmannstraße 15 (Ecke Sonnpark);180 min.;81343,145899999901000;236620,889900001000000;11,407829397000100;47,263423148000101
6;265;Gumppstraße 1 / Ecke Körnerstraße;180 min.;81401,825799999802000;236664,586300001010000;11,408612548000100;47,263808862000097
7;266;Amraser Straße 25;180 min.;81503,355899999806000;236586,542500000010000;11,409939667000099;47,263094443000099
8;294;Amraser Straße 56;180 min.;81545,779199999801000;236551,825400000000000;11,410493796000100;47,262776974000097
9;290;Lindenstraße 26 / Ecke Amraser Straße;Parkstraße werktags;81719,588000000498000;236545,488299999010000;11,412788780000101;47,262698432000001
10;286;Langstraße 26 / Ecke Gumppstraße;Parkstraße werktags;81781,029400000305000;236798,874399999010000;11,413646705000099;47,264969530000101
11;267;Pradler Straße 76;180 min.;81558,654500000193000;236607,193700000990000;11,410673965000100;47,263273313000099
12;285;Lindenstraße 2 / Ecke Gumppstraße;180 min.;81626,056900000200000;236737,894099998990000;11,411588214000099;47,264440362000101
13;284;Gumppstraße 27;180 min.;81662,147599999793000;236778,113799999990000;11,412072343000100;47,264797586000000
14;283;Defreggerstraße 35 / Ecke Gabelsbergerstraße;180 min.;81624,702100000301000;236885,550200000000000;11,411597213000100;47,265768418000100
15;282;Amthorstraße zw. 8 + 10;180 min.;81515,381699999794000;236950,899100000010000;11,410164817000100;47,266369654000101
16;281;Langstraße 4 / Ecke Amthorstraße;Parkstraße werktags;81660,279400000305000;237010,135000000010000;11,412089946000000;47,266884409000099
17;288;Langstraße 11;Parkstraße werktags;81733,469100000293000;236933,825500000010000;11,413042990000100;47,266189066000003
18;275;Pradler Straße (Leitgebschule) / Ecke Furterzaunweg;180 min.;81346,815899999798000;237095,319300000000000;11,407964008000100;47,267689295000103
19;273;Pradler Straße 27;180 min.;81401,358199999697000;237023,758300001010000;11,408671618000101;47,267038995000100
20;272;Pradler Straße 30 / Ecke Gaswerkstraße;180 min.;81429,377600000196000;236905,405700000000000;11,409020296000101;47,265971170999997
21;270;Pradler Straße 38 / Ecke Defreggerstraße;180 min.;81466,245199999801000;236819,877199999990000;11,409491823000099;47,265197442000002
22;268;Gumppstraße 14 / Ecke Pradler Straße;180 min.;81519,182799999602000;236695,636000000000000;11,410168598000000;47,264073574000101
23;269;Defreggerstraße / Ecke Körnerstraße (Stadtpark);180 min.;81347,566499999695000;236767,334500000000000;11,407914380000101;47,264739596000098
24;291;Amraser Straße 46;180 min.;81302,508799999996000;236667,313100000990000;11,407300965999999;47,263845656999997
25;271;Körnerstraße 5 / Ecke Gaswerkstraße;180 min.;81319,296000000104000;236857,684599998990000;11,407557288000101;47,265555618000100
26;274;Pradler Platz 6;180 min.;81298,323400000096000;236967,866800001010000;11,407300201000099;47,266549090000098
27;262;Hunoldstraße 3 / Ecke Leipziger Platz;180 min.;81176,071899999894000;236698,958000001000000;11,405636339000100;47,264145847000101
28;243;Weinhartstraße 2;180 min.;80974,279699999795000;237011,166700000000000;11,403026860000100;47,266978433000098
29;62;Ing.-Etzel-Straße zw. Viaduktbogen 6 + 7;90 min.;80895,222699999795000;237010,659700001010000;11,401982282000100;47,266983594000102
30;292;Amraser Straße 65;Parkstraße werktags;81867,565899999798000;236501,670099999990000;11,414735666000100;47,262285985000098
31;289;Rudolf-Greinz-Straße 2;Parkstraße werktags;81969,300400000095000;236496,156199999010000;11,416078630000101;47,262223739000000
32;293;Kranewitterstraße 14 / Ecke Rudolf-Greinz-Straße;180 min.;81900,333200000197000;236595,359099999010000;11,415185663000001;47,263124464000001
33;287;Langstraße 35;Parkstraße werktags;81881,926699999705000;236671,618300000000000;11,414956433000000;47,263812561000101
34;280;Pembaurstraße 20 / Ecke Egerdachstraße;Parkstraße werktags;81622,296000000104000;237195,990200000000000;11,411621978000101;47,268560536000102
35;278;Pembaurstraße 3;Parkstraße werktags;81557,824599999905000;237503,062700000010000;11,410826074999999;47,271330062000096
36;277;Kärntner Straße 18 / Ecke Pembaurstraße;Parkstraße werktags;81460,833499999702000;237575,271700000010000;11,409557677000100;47,271991457000098
37;252;Bienerstraße 22;Parkstraße werktags;81375,257600000099000;237648,085200000990000;11,408440188000000;47,272656864000098
38;279;Reichenauer Straße 14;180 min.;81429,964399999895000;237278,158600001010000;11,409095795000001;47,269323307000001
39;249;Jahnstraße 39;180 min.;81207,849600000307000;237428,212900000010000;11,406188332000101;47,270700205000097
40;250;Kapuzinergasse 37 a;180 min.;81188,188699999795000;237480,436100001010000;11,405938023000100;47,271172280000101
41;207;Ing.-Etzel-Straße 31 a (Trafik);90 min.;81117,215800000398000;237546,472700000010000;11,405012227000000;47,271774906000097
42;80;Egerdachstraße 5;180 min.;81420,064799999804000;237158,903899998990000;11,408943325000100;47,268252061000098
43;276;Pradler Straße 5;180 min.;81367,010399999999000;237214,385299999000000;11,408252441000100;47,268757573000102
44;248;Dreiheiligenstraße 33 / Ecke Zeughausgasse;180 min.;81230,472199999698000;237272,851299998990000;11,406459067000100;47,269300229000102
45;247;Jahnstraße 20 / Ecke Grillparzerstraße;180 min.;81114,702999999703000;237334,747500000990000;11,404940688000099;47,269871146000099
46;251;Kapuzinergasse gegenüber 21;180 min.;81084,585199999594000;237388,742900001000000;11,404552529000100;47,270360444000097
47;206;Falkstraße 4 / Ecke Siebererstraße;90 min.;80952,568400000193000;237631,942600001000000;11,402852187000100;47,272563820000101
48;244;Dreiheiligenstraße 23;180 min.;81135,121899999707000;237212,753900001000000;11,405188380000100;47,268771526000101
49;245;Dreiheiligenstraße 11;180 min.;80992,272900000200000;237176,414400000010000;11,403294453999999;47,268462313000001
50;246;Jahnstraße 13;180 min.;81055,725700000301000;237304,644499999990000;11,404156003000100;47,269607692000100
51;204;Ing.-Etzel-Straße Bogen 42;90 min.;80991,772900000200000;237359,109300001000000;11,403320876000100;47,270105373000000
52;205;Kochstraße 1 / Ecke Kaiserjägerstraße;90 min.;80766,292700000093000;237572,984499999990000;11,400380258000000;47,272056489000100
53;506;Purtschellerstraße gegü. Hnr.4;Parkstraße täglich;81244,372799999997000;236372,052999999000000;11,406479406000100;47,261197523000099
54;507;Anzengruberstraße / Knollerstraße;Parkstraße täglich;81274,584300000206000;236418,153200000990000;11,406886870000100;47,261608379000101
55;509;Anton-Eder-Straße / Anzengruberstraße;Parkstraße täglich;81431,915099999896000;236442,303400000990000;11,408969668000100;47,261806124000103
56;514;Sillufer Nr. 3;Parkstraße täglich;81095,730899999806000;236221,767200000990000;11,404488602000100;47,259864307999997
57;511;Anton-Eder-Straße Zugang Schwimmbad;Parkstraße täglich;81481,785500000202000;236305,513599998990000;11,409603612000099;47,260569786000097
58;510;Anton-Eder-Straße nördl. Parkplatz;Parkstraße täglich;81448,377899999701000;236374,799699999010000;11,409174882000100;47,261197018000097
59;184;Schmelzergasse / Ecke Sankt-Nikolaus-Gasse;90 min.;80244,230700000204000;237819,520300000990000;11,393526364000101;47,274337481000103
60;180;Innstraße 107;90 min.;80345,775399999693000;237845,171100000010000;11,394872744000100;47,274555773000102
61;18;Höttinger Gasse 10;90 min.;79906,794999999896000;237279,195100000010000;11,388971210000101;47,269519306000099
62;174;Innstraße 2 / Ecke Innallee;90 min.;80148,577100000301000;237402,972500000000000;11,392187896999999;47,270603059000102
63;177;Innstraße 10 Südseite (Hexengassl);90 min.;80191,649500000305000;237529,171000000000000;11,392779593000100;47,271732735000100
64;178;Innstraße 24 Südseite;90 min.;80219,588100000299000;237595,636200000010000;11,393160649000000;47,272327062000002
65;181;Innstraße zw. 87 + 89;90 min.;80248,817999999999000;237709,111000000000000;11,393567198000101;47,273343995000097
66;183;Sankt-Nikolaus-Gasse 21;90 min.;80168,612800000206000;237683,849800000000000;11,392502890999999;47,273126591999997
67;182;Innstraße 73;90 min.;80161,830699999802000;237576,345000000990000;11,392394038000100;47,272160611000103
68;175;Innstraße 2 / Nordseite, gegenüber 59;90 min.;80137,625199999704000;237491,034199999990000;11,392058946000100;47,271396345000099
69;173;Innstraße zw. 45 + 47;90 min.;80101,478299999595000;237427,664000001010000;11,391570007000000;47,270830847000099
70;172;Innstraße gegenüber 23;90 min.;80079,880099999704000;237327,673299999990000;11,391266761000100;47,269934243000101
71;320;Negrellistraße zw. 3 + 5;Parkstraße werktags;76806,683099999995000;236822,907299999000000;11,347932369000100;47,265784807999999
72;299;Wiltener Basilika (Parkplatz);Parkstraße werktags;80579,027900000103000;235551,062899999000000;11,397542377000100;47,253895993000100
73;117;Fritz-Pregl-Straße 2;180 min.;79756,578800000294000;236102,431700001010000;11,386777052000101;47,258954677000098
74;49;Hutterweg 6;180 min.;79358,809000000401000;236703,231799998990000;11,381628928000101;47,264405853000099
75;504;Waldparkplatz Hawaii;Parkstraße täglich;74848,178799999907000;236979,416499999990000;11,322083100000000;47,267417909000102
76;241;Amraser Straße 1;180 min.;81005,857900000206000;236843,426899999000000;11,403413740000101;47,265466042000099
77;523;Schulgasse / Höttinger Kirchplatz;180 min.;79700,724700000093000;237499,044500001010000;11,386287617000100;47,271521434000100
78;103;Sterzinger Straße 8;90 min.;80704,351300000199000;236490,804500000990000;11,399366901000100;47,262331889999999
79;105;Stafflerstraße 18;180 min.;80095,636300000406000;235929,729400000010000;11,391225099000099;47,257360378000001
80;162;Egger-Lienz-Straße 5a;180 min.;79581,399799999796000;235889,089299999000000;11,384425085000100;47,257057240999998
81;525;Sternwartestraße / Ecke Botanikerstraße;180 min.;79422,308299999699000;237185,896199999000000;11,382553382000101;47,268738888000101
82;198;Goethestraße 12;180 min.;81243,830199999706000;237827,205700001010000;11,406736101000099;47,274283952000097
83;233;Kapuzinergasse 44;180 min.;81367,650799999901000;237583,956900001010000;11,408328029000099;47,272081091000103
84;1;Egerdachstraße gegenüber Hnr. 20;180 min.;81600,569799999706000;237189,677100000990000;11,411333778000101;47,268506455000100
85;263;Amthorstraße 18;180 min.;81647,468399999707000;237007,065099998990000;11,411920131000000;47,266858390000003
86;242;Lindenstraße 17;180 min.;81717,722500000105000;236592,063300001000000;11,412772628000100;47,263117518000101
87;123;Andreas-Hofer-Straße 28 b / Ecke Franz-Fischer-Straße;90 min.;80128,851300000199000;236062,768300000990000;11,391687631000099;47,258552780000102
88;232;Weiherburggasse 15 b;90 min.;80323,035500000202000;238108,163299999990000;11,394619432000100;47,276923674999999
89;501;Weiherburggasse P3 (Sophienruhe - vorne);Parkstraße täglich;80645,682000000001000;238527,478999999990000;11,398958499000100;47,280655170000003
90;512;Anton-Eder-Straße südl. Parkplatz;Parkstraße täglich;81522,028199999593000;236226,875999999990000;11,410120923000100;47,259857607000100
91;508;Anzengruberstraße gegü. Knollerstraße;Parkstraße täglich;81323,311200000302000;236394,278000001010000;11,407526242000101;47,261387649000099
92;513;Olympiastraße Nr. 13;Parkstraße täglich;81201,082000000402000;236016,923500000000000;11,405843185000000;47,258009136000098
93;56;Innrain zw. 22 + 24;90 min.;79950,527900000103000;236930,527100001000000;11,389486816000000;47,266378365000001
94;224;Innerkoflerstraße 2;180 min.;79559,717600000105000;236353,020599999990000;11,384221014000000;47,261232087000103
95;195;Riedgasse 27;90 min.;79988,208999999799000;237681,279799999990000;11,390118686000100;47,273125430000100
96;135;Mentlgasse 10;90 min.;80598,832600000300000;236212,968900001000000;11,397922968000000;47,259846197999998
97;301;Feldstraße 1 / Ecke Duilestraße;Parkstraße werktags;80363,876099999994000;235653,677600000000000;11,394718918000100;47,254845115000101
98;39;Rechengasse 1;180 min.;79504,110100000195000;236405,449800000000000;11,383495713000100;47,261710310000097
99;308;Egger-Lienz-Straße 92;Parkstraße werktags;79437,799899999998000;235912,367200000010000;11,382532338000100;47,257283923000003
100;169;Höttinger Au zw. 16 + 18;90 min.;79627,642799999594000;237013,073600000000000;11,385235614000100;47,267159855999999
101;323;Lohbachweg E 105;Parkstraße werktags;77092,315700000196000;236746,418800000010000;11,351692912000100;47,265063541000103
102;317;Josef-Stapf-Straße 13;Parkstraße werktags;76894,872700000196000;236886,855099999990000;11,349108479000099;47,266349615000102
103;203;Kaiserjägerstraße 8 / Ecke Kapuzinergasse;90 min.;80743,471900000193000;237373,644900000010000;11,400042794999999;47,270266601000102
104;218;Falkstraße 10 / Ecke Gänsbacherstraße;180 min.;80972,960699999705000;237866,034199999990000;11,403163954000100;47,274666525999997
105;193;Riedgasse / Ecke Höhenstraße;90 min.;79754,576899999796000;237489,599500000010000;11,386997485000100;47,271429970000000
106;196;Riedgasse gegenüber 71 / Ecke Weiherburggasse;90 min.;80124,753899999894000;237909,718800000990000;11,391963772000100;47,275163206999999
107;185;Fallbachgasse 9;90 min.;80204,400899999804000;237862,960100000990000;11,393007845000101;47,274732997000100
108;505;Purtschellerstraße 4;Parkstraße täglich;81204,924499999703000;236365,081999999990000;11,405957017000000;47,261139699000097
109;490;Fürstenweg 66;Parkstraße werktags;78790,793800000101000;236550,635899999990000;11,374097892000099;47,263101748000103
110;491;Anna-Stainer-Knittel-Weg;Parkstraße werktags;78692,319899999493000;236827,879000001000000;11,372845637000101;47,265606834000003
111;456;Trenkwalderstraße / Ecke Ampfererstraße;Parkstraße werktags;78904,438199999699000;236266,140699999000000;11,375549162000100;47,260529611000003
112;457;Mitterweg 13;Parkstraße werktags;78972,171699999803000;236107,707900001000000;11,376416032000099;47,259096670000098
113;61;Ing.-Etzel-Straße 11;90 min.;80906,614900000393000;237159,208000001000000;11,402159618000001;47,268318108000102
114;73;Dreiheiligenstraße 4;90 min.;80867,719499999701000;237190,654899999990000;11,401651402000100;47,268605694000101
115;9;Universitätsstraße zw. 23 + 25;90 min.;80794,980100000306000;237239,539500000010000;11,400699169000100;47,269054253000000
116;8;Universitätsstraße 8;90 min.;80648,540599999906000;237234,398800001010000;11,398763435000101;47,269025981000098
117;221;Kaiser-Franz-Joseph-Straße 1 (Mittelstreifen);Parkstraße werktags;81157,453300000197000;238000,372899999990000;11,405626130000099;47,275851922000101
118;220;Schillerstraße 11 (Park);Parkstraße werktags;81240,156299999901000;237899,943100000000000;11,406700749000001;47,274938540999997
119;239;Ing.-Etzel-Straße 39 / Ecke Schillerstraße;Parkstraße werktags;81341,493300000206000;237776,951600000000000;11,408017456000000;47,273819947000099
120;208;Ing.-Etzel-Straße / Ecke Bienerstraße (Grünfläche);180 min.;81266,861899999902000;237700,007799999990000;11,407017354000100;47,273137202999997
121;253;Bienerstraße 21 / Ecke Goethestraße;180 min.;81206,878200000196000;237728,334500000000000;11,406229906000100;47,273399353000102
122;209;Claudiastraße / Ecke Bienerstraße;180 min.;81109,974999999598000;237747,414999998990000;11,404952941000101;47,273582896000100
123;222;Elisabethstraße 5 / Ecke Falkstraße;Parkstraße werktags;80971,943099999800000;238010,170099999990000;11,403176567000100;47,275962882000002
124;223;Martin-Luther-Platz (Nord) / Ecke Kaiserjägerstraße;Parkstraße werktags;80818,814500000299000;238055,179999999990000;11,401161241000100;47,276386486000000
125;214;Rennweg 19;Parkstraße werktags;80800,329099999697000;238181,164599999990000;11,400939703000100;47,277521751000101
126;215;Rennweg 16;180 min.;80712,411899999701000;238082,835100000990000;11,399760204000099;47,276648250999997
127;213;Rennweg 7;180 min.;80614,825699999899000;238010,083799999000000;11,398457582000001;47,276005951000101
128;197;Trogerstraße / Ecke Innstraße;90 min.;80438,151800000094000;238019,428200001010000;11,396124677000000;47,276111607000097
129;211;Rennweg 12 / Ecke Tschurtschenthalerstraße;180 min.;80511,105899999806000;237806,941800000000000;11,397050503000100;47,274191766000101
130;212;Karl-Schönherr-Straße 7 / Ecke Rennweg;180 min.;80580,142699999706000;237921,134599999990000;11,397983274000101;47,275210266999999
131;216;Karl-Schönherr-Straße 2 / Ecke Kaiserjägerstraße;180 min.;80774,684000000401000;237907,225000000010000;11,400551409000100;47,275061327000103
132;217;Falkstraße 9 / Ecke Bienerstraße;180 min.;80936,394999999597000;237758,794500001010000;11,402661407000000;47,273706603999997
133;210;Bienerstraße 1 / Ecke Kaiserjägerstraße;180 min.;80788,436300000205000;237803,138100000010000;11,400714354000099;47,274123572000100
134;6;Universitätsstraße (Stadtsaal);90 min.;80468,990100000097000;237203,280200001000000;11,396385564000100;47,268768102000102
135;38;Rennweg 8 a / Pavillon Nord;90 min.;80419,345099999598000;237597,248199999010000;11,395800361999999;47,272317181000098
136;192;Schneeburggasse 6;180 min.;79615,481100000397000;237472,756300000010000;11,385156620000100;47,271295336000001
137;194;Riedgasse 19;90 min.;79949,077999999703000;237603,300599999990000;11,389587715000101;47,272428905000098
138;342;Schneeburggasse 61 c;180 min.;78806,081799999796000;237144,816400001000000;11,374404351000100;47,268443511999997
139;341;Schneeburggasse 53;180 min.;78993,106999999800000;237180,350700000010000;11,376881646000101;47,268740662000098
140;335;Sternwartestraße 15;180 min.;79151,870299999602000;237118,699300000010000;11,378968391000100;47,268167148000103
141;340;Schneeburggasse 49;180 min.;79130,884200000204000;237229,160000000000000;11,378710627000100;47,269163065999997
142;338;Dorfgasse 20;180 min.;79340,093100000202000;237556,359200001000000;11,381532734000100;47,272080447000100
143;337;Daxgasse 12 / Ecke Dorfgasse;180 min.;79445,974200000099000;237500,693700000990000;11,382921886000100;47,271567065000099
144;339;Schulgasse 1 a;180 min.;79647,036700000099000;237521,864700001000000;11,385582294000100;47,271733159000100
145;336;Schneeburggasse 37 / Ecke Brandjochstraße;180 min.;79355,825500000297000;237339,461300001010000;11,381702188000100;47,270127946999999
146;334;Sternwartestraße 7 / Ecke Botanikerstraße;90 min.;79445,636699999697000;237187,744200001010000;11,382861932000100;47,268752693000103
147;13;Innrain 9;90 min.;80026,880199999505000;236963,811500000010000;11,390501505000101;47,266668420000101
148;304;Neuhauserstraße gegenüber 15;Parkstraße werktags;80362,950699999899000;235722,469300000000000;11,394719025000100;47,255463884000100
149;116;Schöpfstraße 26 (Südeinfahrt Klinik);180 min.;79730,855399999797000;236262,836999999010000;11,386465780000000;47,260400348000097
150;134;Mentlgasse 18 a / Ecke Karmelitergasse;90 min.;80684,185299999997000;236237,566199999010000;11,399054909000100;47,260056951000102
151;136;Südbahnstraße 16;90 min.;80719,780299999795000;236322,771799999990000;11,399540466000101;47,260818855000103
152;133;Adamgasse gegenüber 21;90 min.;80615,545400000206000;236375,957499999990000;11,398173058999999;47,261309933000099
153;132;Michael-Gaismair-Straße 15;90 min.;80572,443900000304000;236310,707699999010000;11,397591941000099;47,260728407999999
154;131;Michael-Gaismair-Straße 7;90 min.;80477,595499999807000;236274,916300001000000;11,396332541000000;47,260418130000097
155;130;Leopoldstraße 13 a;90 min.;80414,563299999601000;236303,750800001000000;11,395505045000100;47,260685145000103
156;129;Templstraße 8;90 min.;80267,547299999700000;236321,958799999000000;11,393566184000100;47,260866831999998
157;115;Andreas-Hofer-Straße 16;90 min.;80116,641499999896000;236305,741699998990000;11,391569769000100;47,260739368000102
158;114;Schöpfstraße 17;180 min.;80107,636199999601000;236248,233500000000000;11,391440529000100;47,260223283000101
159;124;Andreas-Hofer-Straße 26;90 min.;80129,104899999700000;236170,740700001010000;11,391710281000099;47,259523764000100
160;125;Schöpfstraße 11;90 min.;80189,985000000306000;236204,594699999000000;11,392520563000099;47,259820806999997
161;128;Michael-Gaismair-Straße 1 / Ecke Templstraße;90 min.;80293,057699999801000;236208,169900000010000;11,393882801000100;47,259840398000101
162;145;Leopoldstraße 28;90 min.;80462,446200000093000;236213,622199998990000;11,396121412000101;47,259868754000102
163;143;Schidlachstraße 8 / Ecke Pechestraße;90 min.;80625,133700000093000;236043,289799999010000;11,398239888000100;47,258317026999997
164;137;Karmelitergasse gegenüber 6 b;90 min.;80731,039400000096000;236139,075500000010000;11,399656117000101;47,259165466000098
165;144;Karmelitergasse gegenüber 10;90 min.;80727,022400000104000;236064,533100000000000;11,399589628999999;47,258495587000098
166;167;Südbahnstraße (Pechegarten);90 min.;80712,486600000397000;236010,691299998990000;11,399387921000100;47,258013161000100
167;166;Karmelitergasse 12;90 min.;80747,135099999607000;235961,909000000010000;11,399836827000099;47,257570207000100
168;164;Leopoldstraße 41;90 min.;80558,154799999698000;235948,333699999000000;11,397338055000100;47,257471269000099
169;165;Leopoldstraße gegenüber 35 (Kaiserschützenplatz);90 min.;80513,659199999602000;236036,625800001000000;11,396766149000101;47,258270736000000
170;141;Leopoldstraße gegenüber 36 (Kaiserschützenplatz);90 min.;80501,423700000203000;236084,004300000000000;11,396613030000101;47,258698315000103
171;140;Leopoldstraße 33;90 min.;80520,077200000203000;236120,764000000000000;11,396866041000100;47,259026620000000
172;126;Templstraße 30;90 min.;80276,844299999997000;236117,945000000010000;11,393652463000100;47,259030967999998
173;127;Franz-Fischer-Straße 20;90 min.;80228,558099999995000;236062,446499999990000;11,393004676000100;47,258537745000098
174;157;Andreas-Hofer-Straße 38 / Ecke Stafflerstraße;90 min.;80134,218000000299000;235931,910399999000000;11,391735133000100;47,257375298000099
175;158;Sonnenburgstraße 9 / Ecke Stafflerstraße;90 min.;80262,928399999597000;235937,726600001010000;11,393436369000099;47,257411929000099
176;159;Neuhauserstraße 5 b;90 min.;80351,689000000202000;235928,078299999000000;11,394607119000099;47,257314334999997
177;259;Hörmannstraße 4 / Ecke Hunoldstraße;180 min.;81176,197200000301000;236553,602799999990000;11,405611665000000;47,262838633000101
178;163;Leopoldstraße 42 b / Ecke Tschamlerstraße;90 min.;80466,822399999903000;235934,105099999990000;11,396129048000100;47,257354476000003
179;142;Franz-Fischer-Straße zw. 7 a + 7 b;90 min.;80373,325100000002000;236030,272299998990000;11,394911242000100;47,258230742000102
180;298;Haymongasse 1 / Ecke Leopoldstraße;Parkstraße werktags;80603,169399999999000;235769,009400001000000;11,397900433000100;47,255853068000100
181;302;Fritz-Konzert-Straße zw. 7 + 9 (östlicher Gehsteig);Parkstraße werktags;80506,184899999804000;235697,364000000000000;11,396606493000100;47,255220612000102
182;295;Fritz-Konzert-Straße Süd (westlicher Gehsteig);Parkstraße werktags;80488,693599999897000;235605,706299999990000;11,396358999000100;47,254398457000001
183;160;Egger-Lienz-Straße 2 / Ecke Neuhauserstraße;90 min.;80349,684000000401000;235821,287599998990000;11,394561495000101;47,256354193000099
184;161;Egger-Lienz-Straße 12 / Ecke Sonnenburgstraße;90 min.;80245,279000000097000;235811,832100000000000;11,393180696000099;47,256281887999997
185;300;Pastorstraße 7;Parkstraße werktags;80477,926900000297000;235519,755999999000000;11,396201358000001;47,253626807000003
186;303;Haymongasse 5 b;Parkstraße werktags;80597,700600000098000;235640,855699999000000;11,397805158000001;47,254701230000101
187;297;Leopoldstraße 63;Parkstraße werktags;80661,619699999705000;235676,783399999000000;11,398655914000100;47,255016507000100
188;314;Neurauthgasse 9 a;Parkstraße werktags;80726,097199999698000;235797,360300000990000;11,399529298000100;47,256092974000097
189;315;Graßmayrstraße 10;Parkstraße werktags;80771,835699999705000;235901,453199999000000;11,400152217000100;47,257023489000098
190;296;Neurauthgasse 24 / Ecke Frauenanger;Parkstraße werktags;80811,030700000003000;235781,368500000010000;11,400648311000101;47,255938739999998
191;112;Speckbacherstraße 19;180 min.;79984,476099999607000;236294,614100000010000;11,389821838000000;47,260655364000101
192;113;Schöpfstraße 25 / Ecke Speckbacherstraße;180 min.;79980,910799999707000;236247,965100000000000;11,389766415000100;47,260236275000103
193;111;Schöpfstraße 24;180 min.;79918,541600000099000;236264,271500000990000;11,388945414000100;47,260390493999999
194;108;Schöpfstraße 41 / Ecke Peter-Mayr-Straße;180 min.;79839,798299999893000;236243,892300000010000;11,387901567000100;47,260216773000103
195;152;Innerkoflerstraße 1 / gegenüber Innrain 55;180 min.;79578,115299999699000;236371,576500000000000;11,384467350000101;47,261396741000098
196;151;Schöpfstraße 47 / Ecke Innerkoflerstraße;180 min.;79537,746000000305000;236259,587800000010000;11,383914180000099;47,260394482000002
197;147;Innrain 63 / Ecke Schöpfstraße;180 min.;79468,583300000100000;236307,617499999990000;11,383009038000100;47,260834774000003
198;149;Ing.-Thommen-Straße 4 a / Ecke Hormayrstraße;180 min.;79419,504200000301000;236134,768300000990000;11,382330061000101;47,259286228000100
199;150;Innerkoflerstraße 20 / Ecke Ing.-Thommen-Straße;180 min.;79509,427699999898000;236085,118200000000000;11,383509141999999;47,258828863000097
200;118;Fritz-Pregl-Straße 13;180 min.;79790,248999999807000;235988,196399999990000;11,387201499000099;47,257923258000098
201;154;Zollerstraße 4;180 min.;79864,441800000102000;235957,465399999000000;11,388176083000101;47,257637894000098
202;119;Franz-Fischer-Straße 44;180 min.;79883,911299999803000;236034,988099999990000;11,388447080000001;47,258332709000101
203;122;Speckbacherstraße 39 / Ecke Franz-Fischer-Straße;180 min.;80013,786999999502000;236055,674300000010000;11,390166393000101;47,258502974000102
204;121;Speckbacherstraße 26;180 min.;79988,893899999603000;236164,047800000990000;11,389856899000099;47,259480621000101
205;120;Peter-Mayr-Straße 10;180 min.;79854,031299999901000;236136,625399999000000;11,388070478000101;47,259250376000097
206;148;Ing.-Thommen-Straße 1 / Ecke Innrain;180 min.;79374,734899999603000;236188,193499999000000;11,381748119000100;47,259772090000098
207;307;Noldinstraße 14 / Ecke Mandelsbergerstraße;Parkstraße werktags;79287,619699999705000;235889,233100001000000;11,380544443000099;47,257093972000099
208;311;Dr.-Ing.-Riehl-Straße 2 a;Parkstraße werktags;79556,026800000094000;235889,420399999010000;11,384089982000100;47,257063285000100
209;153;Egger-Lienz-Straße 48;180 min.;79818,462299999796000;235887,317000000010000;11,387556225000100;47,257012611000100
210;155;Speckbacherstraße 53;180 min.;80008,975100000403000;235930,879699999000000;11,390080555999999;47,257381258000102
211;156;Egger-Lienz-Straße 30 / Ecke Speckbacherstraße;180 min.;79988,692400000102000;235829,809500000000000;11,389794600000100;47,256474780000097
212;313;Karwendelstraße gegenüber 3;Parkstraße werktags;79778,816700000301000;235806,471899998990000;11,387018145000100;47,256290360000001
213;312;Karwendelstraße 13;Parkstraße werktags;79605,781399999702000;235751,969400000000000;11,384722806000100;47,255821148000102
214;309;Egger-Lienz-Straße 108;Parkstraße werktags;79348,316800000102000;235748,824999998990000;11,381321368000000;47,255823942000099
215;310;Egger-Lienz-Straße 47 (Parkplatz gegenüber WIFI);Parkstraße werktags;79426,291100000002000;235810,677200001000000;11,382362297000000;47,256370791999998
216;77;Innrain 124;Parkstraße werktags;79024,186900000102000;235791,319800000990000;11,377047382000100;47,256245081000102
217;305;Innrain 123;Parkstraße werktags;79135,015100000397000;235893,739000000000000;11,378529415999999;47,257152851000100
218;306;Innrain zw. 100 + 102;Parkstraße werktags;79180,467000000193000;235968,036599999000000;11,379142933000100;47,257815562000097
219;257;Innrain 91;180 min.;79330,385300000198000;236131,017599999990000;11,381152138000100;47,259263240000102
220;225;Fischnalerstraße 28;180 min.;79141,204800000400000;236247,831800001000000;11,378673688999999;47,260336540000097
221;190;Ampfererstraße 42 / Ecke Unterbergerstraße;180 min.;79084,104699999996000;236472,634900000000000;11,377959045000100;47,262365101999997
222;201;Fürstenweg 57 / Ecke Unterbergerstraße;180 min.;79016,058099999995000;236619,895400001000000;11,377086060000099;47,263697616999998
223;146;Innrain 52 a;180 min.;79552,855299999894000;236456,025200000000000;11,384148642000101;47,262159257000100
224;202;Unterbergerstraße 1 / Ecke Fischnalerstraße;180 min.;79192,492399999901000;236337,102099999990000;11,379366983000100;47,261133200000103
225;255;Fischnalerstraße 12;180 min.;79230,060999999798000;236441,052100000990000;11,379881656000100;47,262063523999998
226;179;Ampfererstraße 2;180 min.;79246,091300000393000;236589,580600001010000;11,380119689000100;47,263397342000097
227;41;Fürstenweg 12;180 min.;79257,107800000304000;236740,589400000990000;11,380291934000100;47,264754068000101
228;40;Höttinger Au 42;180 min.;79315,563599999994000;236865,644999999990000;11,381086347000100;47,265871678000103
229;261;Fürstenweg gegenüber 13;180 min.;79372,333100000396000;236829,132600000010000;11,381829896999999;47,265536473000097
230;256;Sonnenstraße 12;90 min.;79394,268699999899000;236941,534099999990000;11,382139615000099;47,266544676000102
231;52;Schneeburggasse 87;180 min.;78316,147199999497000;237083,311899999010000;11,367920432000099;47,267948858000103
232;32;Schneeburggasse 71;180 min.;78583,339100000405000;237119,140199999990000;11,371456905000100;47,268239228000098
233;17;Schneeburggasse gegenüber 67 a;180 min.;78690,792600000306000;237099,596200000000000;11,372873175000100;47,268050629000101
234;189;Frau-Hitt-Straße 3 f;90 min.;79573,746899999707000;237295,120100000990000;11,384573637000100;47,269702869000099
235;187;Kirschentalgasse zw. 5 + 9;90 min.;79800,073800000406000;237161,226600001010000;11,387540145000100;47,268471342000097
236;188;Sonnenstraße 5;90 min.;79611,428000000305000;237087,869899999000000;11,385034675000000;47,267834473999997
237;171;Mariahilfstraße 44;90 min.;79855,112900000095000;237108,961400000000000;11,388258020000100;47,267994637000101
238;170;Mariahilfpark zw. 1 + 2;90 min.;79712,599999999598000;237058,983500000000000;11,386366230000100;47,267562450000099
239;168;Mariahilfpark 4;90 min.;79599,922699999996000;236961,426700000010000;11,384860204000100;47,266698738999999
240;12;Brixner Straße zw. 4 + 6;90 min.;80701,976900000096000;236764,207800000990000;11,399384768000100;47,264790937000001
241;10;Meinhardstraße 13;90 min.;80663,384999999806000;236807,529600000010000;11,398882716999999;47,265185266000103
242;23;Adamgasse 1;90 min.;80604,311599999695000;236728,404700000010000;11,398088044000099;47,264480919999997
243;66;Bozner Platz - Grünfläche südlich;90 min.;80537,203700000406000;236773,330700001010000;11,397209542000001;47,264893159000103
244;24;Wilhelm-Greil-Straße 20 / Landhaus;90 min.;80501,956699999995000;236708,295099999990000;11,396732199000001;47,264312595000000
245;22;Adamgasse zw. 2 + 2 a;90 min.;80593,007700000002000;236708,362500001010000;11,397935101000099;47,264302061000102
246;21;Adamgasse 3;90 min.;80612,187800000407000;236633,754899999010000;11,398175072000100;47,263628756000102
247;20;Adamgasse 10;90 min.;80600,337199999994000;236595,552800000000000;11,398011644000100;47,263286649000101
248;19;Salurner Straße zw. 10 + 12;90 min.;80567,926300000399000;236568,214899999990000;11,397578551000001;47,263044763000003
249;30;Wilhelm-Greil-Straße / Ecke Salurner Straße 16;90 min.;80491,372999999701000;236562,429500000990000;11,396566178000100;47,263002098000101
250;104;Adamgasse 14;90 min.;80606,330000000104000;236517,070000000010000;11,398076698000100;47,262580108000101
251;15;Salurner Straße 4;90 min.;80665,411700000099000;236580,291300001000000;11,398868590000101;47,263141430000097
252;97;Müllerstraße 4;90 min.;80288,433299999699000;236415,993200000000000;11,393858938999999;47,261709951999997
253;99;Leopoldstraße 7;90 min.;80388,480800000005000;236405,454200000010000;11,395178729000101;47,261602965000101
254;101;Heiliggeiststraße zw. 12 + 14;90 min.;80590,353500000201000;236402,050300000000000;11,397844955000000;47,261547673999999
255;200;Sillgasse 21;90 min.;80704,475300000006000;237052,981899998990000;11,399469785000100;47,267387617000097
256;54;Adolf-Pichler-Platz 4;90 min.;80128,474299999900000;236923,640600000010000;11,391836560000099;47,266294797999997
257;53;Adolf-Pichler-Platz 10;90 min.;80096,758199999997000;236879,010199999000000;11,391409559000101;47,265897289000101
258;44;Colingasse 8;90 min.;80043,578599999702000;236824,784600001000000;11,390697286000099;47,265416097000099
259;48;Anichstraße zw. 18 + 20;90 min.;80086,892799999594000;236737,697600000010000;11,391253967000100;47,264627641000097
260;186;Herzog-Siegmund-Ufer 1 (Markthalle Nord-Ost));90 min.;79969,227699999698000;237056,790299999990000;11,389756406000100;47,267511599999999
261;31;Herzog-Siegmund-Ufer gegenüber 3;90 min.;79918,212899999693000;237017,557700000990000;11,389075401000101;47,267164970000103
262;50;Fallmerayerstraße 4;90 min.;80114,489099999904000;236793,332900001000000;11,391628495000100;47,265124620999998
263;51;Fallmerayerstraße 1;90 min.;80132,335799999506000;236799,511299998990000;11,391865380000100;47,265178012000000
264;74;Herzog-Siegmund-Ufer 9;90 min.;79761,377100000202000;236881,925400000010000;11,386979157000001;47,265964226999998
265;82;Herzog-Siegmund-Ufer 11 (in Josef-Hirn-Straße);90 min.;79713,797100000098000;236821,837999999990000;11,386339859000101;47,265429613000002
266;83;Innrain 36 (in Josef-Hirn-Straße);90 min.;79779,622899999798000;236756,524499999010000;11,387197888000101;47,264834263000097
267;84;Innrain zw. 38 + 40 (Nordseite);90 min.;79824,497499999605000;236772,915899999000000;11,387793662000099;47,264976234000102
268;86;Innrain 40 (Südseite);90 min.;79828,876500000202000;236755,694300000000000;11,387848446000101;47,264820826000097
269;107;Peter-Mayr-Straße 2;180 min.;79821,160199999795000;236407,909199999990000;11,387684562000100;47,261694067000100
270;89;Kaiser-Josef-Straße 1;90 min.;79912,394500000402000;236651,116000000010000;11,388933182000100;47,263870202000099
271;106;Maximilianstraße 41;180 min.;79879,958800000095000;236442,494600000010000;11,388467488000099;47,261997968999999
272;91;Speckbacherstraße 6;90 min.;79943,672000000297000;236409,163699998990000;11,389303234000099;47,261690485000102
273;95;Glasmalereistraße 3;90 min.;80194,205000000104000;236423,086500000000000;11,392615401000100;47,261785227000097
274;96;Lieberstraße 3;90 min.;80261,366700000101000;236439,065999999990000;11,393505506000100;47,261920750000101
275;191;Maximilianstraße zw. 11 + 13;90 min.;80199,809100000202000;236492,806000000010000;11,392701910000101;47,262411544000102
276;75;Bürgerstraße 23 / Landesgericht;90 min.;80079,392400000201000;236570,327299998990000;11,391124970000099;47,263123364000101
277;42;Bürgerstraße zw. 30 + 32;90 min.;80056,809899999804000;236569,615599999000000;11,390826508000099;47,263119710000097
278;93;Maximilianstraße 8;90 min.;79994,775000000402000;236477,528499999990000;11,389990535000001;47,262299095000103
279;88;Anichstraße 28;90 min.;79943,664999999994000;236683,787699999000000;11,389352128000001;47,264160228000001
280;47;Anichstraße 19;90 min.;80073,841099999801000;236713,691599999990000;11,391077248000000;47,264413339000001
281;67;Fallmerayerstraße 5;90 min.;80150,934799999901000;236709,806199999990000;11,392095054000000;47,264369015000099
282;45;Fallmerayerstraße 12;90 min.;80136,957399999694000;236684,980500000010000;11,391905957000100;47,264147455000099
283;43;Bürgerstraße 22;90 min.;80042,489099999904000;236640,276400000000000;11,390649937000100;47,263756915999998
284;70;Fallmerayerstraße 16 / Landesgericht;90 min.;80158,833300000100000;236563,877900001010000;11,392173302000099;47,263055696000002
285;69;Fallmerayerstraße 7 (Parkplatz);90 min.;80180,324699999794000;236567,292800000000000;11,392457833000000;47,263083790000103
286;68;Fallmerayerstraße 7 / AHS;90 min.;80164,864400000297000;236645,296000000000000;11,392267542000100;47,263787168000100
287;110;Peter-Mayr-Straße 1;180 min.;79847,034099999801000;236307,323200000010000;11,388008452000101;47,260786342000102
288;109;Müllerstraße 38;180 min.;79881,202999999703000;236338,404600000010000;11,388465374000100;47,261061718000100
289;92;Müllerstraße 31;90 min.;80023,493599999696000;236343,600799999990000;11,390346016000100;47,261091170000000
290;503;Weiherburggasse P1 (Alpenzoo);Parkstraße täglich;80622,914800000406000;238589,372099998990000;11,398668770000100;47,281214573000099
291;502;Weiherburggasse P3 (Sophienruhe - hinten);Parkstraße täglich;80659,125099999801000;238593,233600000010000;11,399147998000000;47,281244862000101
292;28;Wilhelm-Greil-Straße 8 / BH;90 min.;80541,270499999606000;236920,720799998990000;11,397289761000099;47,266218163000097
293;81;Karl-Kapferer-Straße gegenüber 9;90 min.;80713,077200000203000;237664,228299999990000;11,399693558000100;47,272883585000002
294;79;Karl-Kapferer-Straße gegenüber Kirche - westlich;90 min.;80614,726200000398000;237670,627199999990000;11,398395169000100;47,272953185000098
295;78;Karl-Kapferer-Straße 5;90 min.;80581,733599999905000;237688,278599999990000;11,397962403000101;47,273115967000102
296;76;Rennweg gegenüber 10a (in Karl-Kapferer-Straße);90 min.;80449,798200000107000;237680,816099999010000;11,396217753000100;47,273064997000098
297;139;Liebeneggstraße 3;90 min.;80552,779400000305000;236138,420499998990000;11,397301206000099;47,259181408000103
298;138;Liebeneggstraße 11;90 min.;80640,366100000203000;236136,092599999010000;11,398457797000001;47,259149751000102
299;343;Kranebitter Allee zw. 90 + 92;Parkstraße werktags;77652,912899999894000;236605,305700000000000;11,359074805000100;47,263728594000000
300;234;Lohbachufer 3;Parkstraße werktags;77573,683299999699000;236671,783000000000000;11,358039593999999;47,264335781000099
301;199;Vögelebichl gegenüber 9 a;Parkstraße werktags;77864,172000000297000;236680,523399998990000;11,361878854000100;47,264380096000103
302;227;Vögelebichl gegenüber 20;Parkstraße werktags;77718,243099999600000;236764,920700001010000;11,359965573000100;47,265156343999998
303;229;Vögelebichl zw. 49 + 51 a;Parkstraße werktags;77420,842299999698000;236898,459700000010000;11,356059518000100;47,266392336000102
304;238;Lohbachweg A 7;Parkstraße werktags;77413,214900000006000;236660,405700000000000;11,355917626000100;47,264252349000103
305;235;Lohbachufer gegenüber 13 / Ecke Fliedergasse;Parkstraße werktags;77462,278300000398000;236728,505100001000000;11,356577588000100;47,264859015000098
306;236;Lohbachufer 29;Parkstraße werktags;77319,819299999595000;236744,112900000010000;11,354698187000100;47,265016125000002
307;240;Lohbachweg B 36;Parkstraße werktags;77271,240600000106000;236718,100000000010000;11,354051903000100;47,264787888000100
308;254;Lohbachweg D 68;Parkstraße werktags;77170,616399999693000;236661,647800000010000;11,352712789000099;47,264291999000100
309;237;Lohbachufer gegenüber 35;Parkstraße werktags;77211,869800000495000;236798,456199999990000;11,353281371000000;47,265517518000102
310;333;Botanikerstraße 21;180 min.;79160,215900000199000;237014,509500001000000;11,379060248000100;47,267229145000002
311;329;Technikerstraße gegenüber 25 f (Westspange);Parkstraße werktags;76227,179899999901000;236735,063499999990000;11,340261169000099;47,265062150000098
312;327;Technikerstraße 60;Parkstraße werktags;76448,605299999894000;236773,291700000000000;11,343193070000000;47,265380274999998
313;328;Technikerstraße 70 (Lebensmitteluntersuchungsanstalt);Parkstraße werktags;76359,723000000202000;236763,175899999010000;11,342017063000100;47,265299615000103
314;326;Technikerstraße 50;Parkstraße werktags;76512,042999999598000;236775,299100000000000;11,344031530000100;47,265390959000101
315;325;Technikerstraße 44;Parkstraße werktags;76605,405600000202000;236780,171899999990000;11,345265837000101;47,265423925999997
316;324;Viktor-Franz-Hess-Straße 5;Parkstraße werktags;76626,598799999803000;236825,189999999010000;11,345553531000100;47,265826321000098
317;318;Negrellistraße 18 (in Luis-Zuegg-Straße);Parkstraße werktags;76851,202399999805000;236930,864899999990000;11,348539060000100;47,266750506000101
318;319;Negrellistraße 13;Parkstraße werktags;76806,205900000394000;236902,237900000010000;11,347939661000099;47,266498306000102
319;322;Luis-Zuegg-Straße 1;Parkstraße werktags;76746,406899999798000;236952,635500000990000;11,347158232000099;47,266958520000102
320;226;Lohbachufer gegenüber 45;Parkstraße werktags;77001,463600000396000;236927,060300000010000;11,350523653000000;47,266698733000098
321;228;Lohbachweg F 133 / Ecke Lohbachweg G;Parkstraße werktags;77015,362800000206000;236817,058300000000000;11,350688384000099;47,265707828000103
322;321;Technikerstraße 9 b;Parkstraße werktags;76715,707700000101000;236749,747999999990000;11,346717903000100;47,265137471000102
323;316;Technikerstraße 28;Parkstraße werktags;76881,261599999896000;236762,385100000010000;11,348907299000100;47,265231810000003
324;330;Kranebitter Allee 144 (Nebenfahrbahn);Parkstraße werktags;76937,496399999596000;236515,759500001000000;11,349607915000099;47,263007266000002
325;219;Claudiastraße 9 / Ecke Gänsbacherstraße;180 min.;81116,222599999994000;237841,366299999990000;11,405052508000001;47,274427041000102
326;176;Innallee gegenüber 9 (an der Promenade);90 min.;80253,834499999895000;237567,216700001010000;11,393608061000100;47,272067306000103
327;231;Weiherburggasse 3;90 min.;80219,449199999697000;237964,421000000000000;11,393224862000100;47,275643616000103
328;33;Schubertstraße 3 - 5;Parkstraße werktags;81222,884800000102000;237933,351500001010000;11,406478587000001;47,275241118000103
329;376;Amraser Straße 108a;Parkstraße werktags;82091,235899999694000;236394,691599999990000;11,417670880999999;47,261296065000103
330;36;Beethovenstraße gegenüber 9;Parkstraße werktags;81514,379999999903000;238108,929999999990000;11,410362314000100;47,276784069000101
331;404;Reichenauer Straße / Ecke Mitterhoferstraße;Parkstraße werktags;81688,971300000296000;237430,196399999990000;11,412545609000100;47,270658503000099
332;409;Kravoglstraße / Ecke Lutterottistraße;Parkstraße werktags;81882,455199999706000;237345,769499999990000;11,415086616000099;47,269875200999998
333;398;Kärntner Straße 28;Parkstraße werktags;81575,249300000301000;237630,489299999990000;11,411079511000100;47,272473863000101
334;59;Ing.-Etzel-Straße 18 - 20 (südl. der Viaduktbögen);Parkstraße werktags;81459,768000000200000;237839,948999999000000;11,409591734000101;47,274371858999999
335;406;Reichenauer Straße / Ecke Kravoglstraße;Parkstraße werktags;81822,121799999804000;237493,001900000990000;11,414316355000000;47,271206779000103
336;396;Pacherstraße / Ecker Resselstraße;Parkstraße werktags;81554,059299999804000;236283,100000000010000;11,410554284000099;47,260359270000002
337;2;Rennweg 30 / Ecke Schumannstraße;Parkstraße werktags;80891,949400000303000;238246,843400000010000;11,402162278000000;47,278101151000001
338;34;Mozartstraße 4;Parkstraße werktags;81301,158900000199000;237874,203400000990000;11,407502151000100;47,274699527000102
339;397;Pacherstraße / Ecke Roseggerstraße;Parkstraße werktags;81681,488199999600000;236327,174200000010000;11,412245667000100;47,260739837000102
340;375;Amraser Straße / Ecke Seebergasse;Parkstraße werktags;82109,326999999597000;236410,575200001010000;11,417912781000000;47,261436651000103
341;367;Gumppstraße 44;Parkstraße werktags;81875,000000000000000;236857,140000001000000;11,414898821000101;47,265481837000003
342;414;Gumppstraße 71;Parkstraße werktags;82194,429600000396000;236987,326300001000000;11,419142805000099;47,266612806000097
343;377;Kölderer Straße Pacherstraße;Parkstraße werktags;81997,230000000403000;236420,230000000010000;11,416433703999999;47,261537449000102
344;380;Kölderer Straße / Ecke Burgenlandstraße;Parkstraße werktags;82075,275700000100000;236281,506800000000000;11,417439315000101;47,260280173000098
345;393;Dr.-Glatz-Straße gegenüber 20;Parkstraße werktags;81841,467799999795000;236271,458199999990000;11,414348857000100;47,260218909999999
346;395;Dr.-Glatz-Straße 2;Parkstraße werktags;81764,095200000302000;236478,412900001010000;11,413364514000101;47,262089689000000
347;370;Kranewitterstraße 24 / Ecke Bruder-Wilram-Straße;Parkstraße werktags;81985,063699999795000;236632,274599998990000;11,416311774000100;47,263445902000100
348;374;Amraser Straße / Ecke Grenzstraße;Parkstraße werktags;82241,819199999794000;236349,274299999990000;11,419651801000001;47,260868829000103
349;373;Grenzstraße / Ecke Lönsstraße;Parkstraße werktags;82165,389999999694000;236504,810499999990000;11,418670669999999;47,262277124000001
350;413;Gumppstraße / Ecke Türingstraße;Parkstraße werktags;81994,505499999999000;236920,184699998990000;11,416489190000100;47,266033929000102
351;410;Egerdachstraße / Ecke Pestalozzistraße;Parkstraße werktags;81709,896499999799000;237195,566700000000000;11,412779292000000;47,268545858000003
352;415;Egerdachstraße gegenüber 59;Parkstraße werktags;81967,344999999696000;237218,234999999000000;11,416184886000099;47,268717706000103
353;408;Mitterhoferstraße / Ecke Lutterottistraße;Parkstraße werktags;81728,576899999796000;237327,918199999000000;11,413050245000100;47,269733789000000
354;3;Falkstraße / Ecke Richard-Wagner-Straße;Parkstraße werktags;80991,559000000401000;238152,914000001010000;11,403461588000100;47,277244180000103
355;4;Falkstraße / Ecke Erzherzog-Eugen-Straße;Parkstraße werktags;81014,162999999695000;238279,467499999010000;11,403783181000099;47,278379507000103
356;7;Erzherzog-Eugen-Straße / Ecke Gutenbergstraße;Parkstraße werktags;81196,351099999607000;238211,875100000000000;11,406178473000100;47,277749185000097
357;14;Kaiser-Franz-Joseph-Straße Erzherzog-Eugen-Straße (Trafik);Parkstraße werktags;81270,018799999700000;238115,762700001010000;11,407134510000001;47,276875742000101
358;26;Hugo-Wolf-Straße / Ecke Raimundstraße;Parkstraße werktags;81342,951000000394000;238225,812000000990000;11,408118244000100;47,277856413999999
359;35;Mozartstraße / Ecke Erzherzog-Eugen-Straße;Parkstraße werktags;81397,075299999706000;237984,777899999000000;11,408789659000099;47,275682078000003
360;29;Viktor-Dankl-Straße / Ecke Erzherzog-Eugen-Straße;Parkstraße werktags;81352,675499999896000;238070,168999999990000;11,408218474000099;47,276455499000100
361;37;Ing.-Etzel-Straße 69 / gegenüber Viaduktbogen 148;Parkstraße werktags;81684,269999999597000;238125,149999999990000;11,412610235000001;47,276908869000103
362;63;Erzherzog-Eugen-Straße 25;Parkstraße werktags;81526,894399999597000;237898,747700000010000;11,410489420000101;47,274892329000103
363;64;Schlachthofgasse 14 / Ecke Matthias-Schmid-Straße;Parkstraße werktags;81666,325899999603000;237882,001200000000000;11,412328778000100;47,274724437000103
364;65;Sebastian-Scheel-Straße / Ecke Erzherzog-Eugen-Straße;Parkstraße werktags;81599,916899999604000;237790,869600000010000;11,411434666000000;47,273913120000103
365;71;Sebastian-Scheel-Straße 18;Parkstraße werktags;81497,209699999497000;237705,219400000000000;11,410061960000100;47,273155587000097
366;369;Roseggerstraße / Ecke Anzengruberstraße;Parkstraße werktags;81592,904500000193000;236484,908299998990000;11,411104173000099;47,262169342000099
367;392;Roseggerstraße / Ecke Cranachstraße;Parkstraße werktags;81710,881000000096000;236216,040299999990000;11,412613692000001;47,259736750000101
368;394;Dr.-Glatz-Straße / Ecke Pacherstraße;Parkstraße werktags;81823,061800000301000;236357,699200000990000;11,414121457000100;47,260996772000098
369;371;Bruder-Wilram-Straße 3 / Ecke Kernstockstraße;Parkstraße werktags;82030,361999999703000;236514,439799999990000;11,416888635000101;47,262380560000103
370;368;Koflerstraße 8 / Ecke Mittererstraße;Parkstraße werktags;82025,111499999693000;236772,409000000010000;11,416866490000100;47,264701156000100
371;372;Grenzstraße / Ecke Josef-Pöll-Straße;Parkstraße werktags;82126,869699999705000;236576,632799999990000;11,418174956000099;47,262927835000099
372;412;Amthorstraße / Ecke Türingstraße;Parkstraße werktags;81943,621600000202000;237127,464899999990000;11,415854846000100;47,267904356000102
373;411;Amthorstraße / Ecke Pestalozzistraße;Parkstraße werktags;81772,675099999600000;237068,366000000010000;11,413585516000101;47,267394133000003
374;405;Reichenauer Straße 31;Parkstraße werktags;81746,303600000203000;237479,883899999990000;11,413312189000100;47,271098229000103
375;5;Sennstraße / Ecke Erzherzog-Eugen-Straße;Parkstraße werktags;81136,413700000398000;238243,008999999990000;11,405392073000099;47,278036569000101
376;11;Conradstraße / Ecke Gutenbergstraße;Parkstraße werktags;81099,015700000295000;238071,166800000010000;11,404866755000100;47,276495784000097
377;16;Erzherzog-Eugen-Straße Haydnplatz;Parkstraße werktags;81281,549999999799000;238150,789999998990000;11,407293244000099;47,277189321000002
378;27;Viktor-Dankl-Straße / Ecke Brucknerstraße;Parkstraße werktags;81466,683400000402000;238191,202800000000000;11,409747008000100;47,277529862999998
379;46;Ing.-Etzel-Straße 59 / gegenüber Viaduktbogen 130;Parkstraße werktags;81572,351900000096000;238014,819599999000000;11,411111225000100;47,275930541000001
380;55;Ing.-Etzel-Straße 47 - 49;Parkstraße werktags;81422,134800000102000;237859,152299999990000;11,409097955000099;47,274549213999997
381;58;Ing.-Etzel-Straße 8 (südl. der Viaduktbögen);Parkstraße werktags;81347,706500000306000;237720,682999999990000;11,408089335000099;47,273313149000003
